{
  "gender-race-2": [
    1.0, 1.0, 1.0, 2320, 0.99, 1.0, 1.0, 580, 1.0, 1.0, 1.0, 2900, 1.0, 1.0, 1.0, 2900, 1.0, 1.0,
    1.0, 2900, 1.0
  ],
  "gender-race-0": [
    0.98, 0.77, 0.86, 2320, 0.5, 0.93, 0.65, 580, 0.8, 0.8, 0.8, 2900, 0.74, 0.85, 0.76, 2900, 0.88,
    0.8, 0.82, 2900, 0.9390933412604042
  ],
  "smile-race-2": [
    1.0, 1.0, 1.0, 2320, 0.99, 1.0, 1.0, 580, 1.0, 1.0, 1.0, 2900, 1.0, 1.0, 1.0, 2900, 1.0, 1.0,
    1.0, 2900, 1.0
  ],
  "smile-race-0": [
    0.95, 0.89, 0.92, 2320, 0.64, 0.8, 0.71, 580, 0.87, 0.87, 0.87, 2900, 0.79, 0.84, 0.81, 2900,
    0.89, 0.87, 0.87, 2900, 0.9175668846611178
  ],
  "age-race-2": [
    1.0, 1.0, 1.0, 2320, 1.0, 1.0, 1.0, 580, 1.0, 1.0, 1.0, 2900, 1.0, 1.0, 1.0, 2900, 1.0, 1.0,
    1.0, 2900, 1.0
  ],
  "age-race-0": [
    0.96, 0.89, 0.92, 2320, 0.65, 0.83, 0.73, 580, 0.88, 0.88, 0.88, 2900, 0.8, 0.86, 0.83, 2900,
    0.9, 0.88, 0.88, 2900, 0.9390933412604042
  ],
  "glasses-race-2": [
    1.0, 0.98, 0.99, 2320, 0.92, 1.0, 0.96, 580, 0.98, 0.98, 0.98, 2900, 0.96, 0.99, 0.97, 2900,
    0.98, 0.98, 0.98, 2900, 0.9999918252080856
  ],
  "glasses-race-0": [
    0.99, 0.92, 0.95, 2320, 0.74, 0.95, 0.83, 580, 0.92, 0.92, 0.92, 2900, 0.86, 0.93, 0.89, 2900,
    0.94, 0.92, 0.93, 2900, 0.9848164387633769
  ],
  "gender-glasses-1": [
    1.0, 0.97, 0.98, 2320, 0.88, 1.0, 0.94, 580, 0.97, 0.97, 0.97, 2900, 0.94, 0.98, 0.96, 2900,
    0.98, 0.97, 0.97, 2900, 0.9999992568370987
  ],
  "gender-glasses-0": [
    0.98, 0.78, 0.86, 2320, 0.51, 0.92, 0.65, 580, 0.8, 0.8, 0.8, 2900, 0.74, 0.85, 0.76, 2900,
    0.88, 0.8, 0.82, 2900, 0.9442345422116527
  ],
  "smile-glasses-1": [
    1.0, 1.0, 1.0, 2320, 0.99, 1.0, 0.99, 580, 1.0, 1.0, 1.0, 2900, 0.99, 1.0, 1.0, 2900, 1.0, 1.0,
    1.0, 2900, 1.0
  ],
  "smile-glasses-0": [
    0.98, 0.83, 0.9, 2320, 0.59, 0.93, 0.72, 580, 0.85, 0.85, 0.85, 2900, 0.78, 0.88, 0.81, 2900,
    0.9, 0.85, 0.87, 2900, 0.9595444411414983
  ],
  "race-glasses-1": [
    1.0, 1.0, 1.0, 2320, 1.0, 1.0, 1.0, 580, 1.0, 1.0, 1.0, 2900, 1.0, 1.0, 1.0, 2900, 1.0, 1.0,
    1.0, 2900, 1.0
  ],
  "race-glasses-0": [
    0.98, 0.8, 0.88, 2320, 0.54, 0.93, 0.68, 580, 0.83, 0.83, 0.83, 2900, 0.76, 0.87, 0.78, 2900,
    0.89, 0.83, 0.84, 2900, 0.9506911414982164
  ],
  "hair-glasses-1": [
    1.0, 1.0, 1.0, 2320, 1.0, 1.0, 1.0, 580, 1.0, 1.0, 1.0, 2900, 1.0, 1.0, 1.0, 2900, 1.0, 1.0,
    1.0, 2900, 1.0
  ],
  "hair-glasses-0": [
    1.0, 0.88, 0.93, 2320, 0.67, 0.98, 0.8, 580, 0.9, 0.9, 0.9, 2900, 0.83, 0.93, 0.87, 2900, 0.93,
    0.9, 0.91, 2900, 0.9888956599286564
  ]
}
